<?xml version="1.0" encoding="UTF-8" ?>
<!DOCTYPE mapper PUBLIC "-//mybatis.org//DTD Mapper 3.0//EN" "http://mybatis.org/dtd/mybatis-3-mapper.dtd">
<mapper namespace="com.em.clinicapi.mapper.AuditTrailMapper">
    <!-- JavaのファイルとDBのテーブル構成のマッピング情報を記述 -->
    <resultMap id="AuditTrailResult" type="com.em.clinicapi.webdto.AuditTrailWebDto">
        <result column="customer_seq" property="customerSeq" />
        <result column="sousa_seq" property="sousaSeq" />
        <result column="terminal_id" property="terminalId" />
        <result column="user_seq" property="userSeq" />
        <result column="screen_name" property="screenName" />
        <result column="sousa_content" property="sousaContent" />
        <result column="sousa_at" property="sousaAt" />
        <result column="created_by" property="createdBy" />
        <result column="created_at" property="createdAt" />
        <result column="updated_by" property="updatedBy" />
        <result column="updated_at" property="updatedAt" />
    </resultMap>

    <select id="selectCountByPK" parameterType="com.em.clinicapi.webdto.AuditTrailWebDto" resultType="int">
        select COUNT(*) count from ${cst}.audit_trail
        <where>
            <if test= "customerSeq!= null ">AND customer_seq= #{customerSeq}</if>
            <if test= "sousaSeq!= null ">AND sousa_seq= #{sousaSeq}</if>
            <if test= "userSeq!= null ">AND user_seq= #{userSeq}</if>
        </where>
    </select>

    <select id="selectLastUpdatedAt" resultType="java.sql.Timestamp">
        select MAX(updated_at) updated_at from ${cst}.audit_trail
    </select>

    <select id="selectAuditTrailDtos" parameterType="com.em.clinicapi.webdto.AuditTrailWebDto" resultMap="AuditTrailResult">
        select customer_seq,sousa_seq,terminal_id,user_seq,screen_name,sousa_content,sousa_at,created_by,created_at,updated_by,updated_at from ${cst}.audit_trail
        <where>
            <if test= "customerSeq!= null ">AND customer_seq= #{customerSeq}</if>
            <if test= "sousaSeq!= null ">AND sousa_seq= #{sousaSeq}</if>
            <if test= "userSeq!= null ">AND user_seq= #{userSeq}</if>
        </where>
    </select>

    <update id="updateAuditTrailDto" parameterType="com.em.clinicapi.webdto.AuditTrailWebDto">
        update ${cst}.audit_trail
        <set>
            <if test="customerSeq != null">customer_seq = #{customerSeq},</if>
            <if test="sousaSeq != null">sousa_seq = #{sousaSeq},</if>
            <if test="terminalId != null">terminal_id = #{terminalId},</if>
            <if test="userSeq != null">user_seq = #{userSeq},</if>
            <if test="screenName != null">screen_name = #{screenName},</if>
            <if test="sousaContent != null">sousa_content = #{sousaContent},</if>
            <if test="sousaAt != null">sousa_at = #{sousaAt},</if>
            <if test="updatedBy != null">updated_by = #{updatedBy},</if>
            updated_at = now()
        </set>
        <where>
            <if test= "customerSeq!= null ">AND customer_seq= #{customerSeq}</if>
            <if test= "sousaSeq!= null ">AND sousa_seq= #{sousaSeq}</if>
            <if test= "updatedAt!= null "><![CDATA[AND date_trunc('milliseconds', updated_at) <= #{updatedAt}]]></if>
        </where>
    </update>

    <delete id="deleteAuditTrailDto" parameterType="com.em.clinicapi.webdto.AuditTrailWebDto">
        delete from ${cst}.audit_trail
        <where>
            <if test= "customerSeq!= null ">AND customer_seq= #{customerSeq}</if>
            <if test= "sousaSeq!= null ">AND sousa_seq= #{sousaSeq}</if>
            <if test= "updatedAt!= null "><![CDATA[AND date_trunc('milliseconds', updated_at) <= #{updatedAt}]]></if>
        </where>
    </delete>

    <insert id="insertAuditTrailDto" parameterType="com.em.clinicapi.webdto.AuditTrailWebDto">
        INSERT INTO ${cst}.audit_trail(
                                        customer_seq
                                      , sousa_seq
                                      , terminal_id
                                      , user_seq
                                      , screen_name
                                      , sousa_content
                                      , sousa_at
                                      , created_by
                                      , created_at
                                      , updated_by
                                      , updated_at
        ) VALUES (
                     #{customerSeq}
                 , NEXTVAL('${cst}.audit_trail_sousa_seq')
                 , #{terminalId}
                 , #{userSeq}
                 , #{screenName}
                 , #{sousaContent}
                 , #{sousaAt}
                 , #{createdBy}
                 , now()
                 , #{updatedBy}
                 , now()
                 )
    </insert>

</mapper>