<?xml version="1.0" encoding="UTF-8" ?>
<!DOCTYPE mapper PUBLIC "-//mybatis.org//DTD Mapper 3.0//EN" "http://mybatis.org/dtd/mybatis-3-mapper.dtd">
<mapper namespace="com.em.clinicapi.mapper.BasicInfoMapper">
    <resultMap id="PhysicianInformation" type="com.em.clinicapi.webdto.response.basicinfo.PhysicianInformationWebDto">
        <result column="user_seq" property="code" />
        <result column="user_name" property="wholeName" />
        <result column="user_kana_name" property="wholeNameInKana" />
        <result column="physician_permission_id" property="physicianPermissionId" />
        <result column="mayaku_license_no" property="drugPermissionId" />
    </resultMap>

    <resultMap id="IryoukikanInfoResultMap" type="com.em.clinicapi.webdto.response.iryoukikan.MedicalInformation">
        <result column="prefectures_number" property="prefecturesNumber" />
        <result column="institution_code" property="institutionCode" />
        <result column="institution_wholeName" property="institutionWholeName" />
        <result column="establisher_wholeName" property="establisherWholeName" />
    </resultMap>

    <resultMap id="PhysicianInformationResultMap" type="com.em.clinicapi.webdto.response.basicinfo.PhysicianInformation">
        <result column="user_seq" property="code" />
        <result column="user_name" property="wholeName" />
        <result column="user_kana_name" property="wholeNameInKana" />
        <result column="physician_permission_id" property="physicianPermissionId" />
        <result column="mayaku_license_no" property="drugPermissionId" />
        <result column="department_code1" property="departmentCode1" />
        <result column="department_code2" property="departmentCode2" />
        <result column="department_code3" property="departmentCode3" />
        <result column="department_code4" property="departmentCode4" />
        <result column="department_code5" property="departmentCode5" />
    </resultMap>

    <select id="selectDoctorBasicInfo" resultMap="PhysicianInformationResultMap">
        WITH temp
                 AS (SELECT r.role_code,
                            u.user_seq
                     FROM   ${grp}.user_kanri u
                                LEFT JOIN ${grp}.role_m r
                                          ON u.role_seq = r.role_seq)
        SELECT user_seq,
               user_name,
               user_kana_name,
               '' AS physician_permission_id,
               mayaku_license_no,
               '' AS department_code1,
               '' AS department_code2,
               '' AS department_code3,
               '' AS department_code4,
               '' AS department_code5
        FROM   ${grp}.user_basic_info_m
        WHERE  user_seq IN (SELECT DISTINCT user_seq
                            FROM   temp
                            WHERE  role_code = 'CLI_DOCTOR'
                              AND user_seq NOT IN (SELECT DISTINCT user_seq
                                                   FROM   temp
                                                   WHERE  temp.role_code IN (
                                                                             'EM_ADMIN', 'SYSADMIN' )
                            ))
    </select>

    <select id="selectIryoukikanInfo" resultMap="IryoukikanInfoResultMap">
        SELECT
            tmp_t.prefectures_number,
            tmp_t.institution_code,
            tmp_t.institution_wholeName,
            ubim.user_name AS establisher_wholeName
        FROM(
            SELECT
                iim.prefecture_code AS prefectures_number,
                iim.iryoukikan_code AS institution_code,
                iim.iryoukikan_kanji_name AS institution_wholeName,
                iim.created_by AS establisher_seq,
                row_number() OVER(PARTITION BY (iim.customer_seq, iim.iryoukikan_code) ORDER BY iim.start_date DESC)
            FROM ${cst}.iryoukikan_ika_m iim
            WHERE iim.customer_seq = #{customerSeq}
            AND iim.start_date <![CDATA[<=]]> #{baseDate}
            AND iim.end_date >= #{baseDate}
        ) AS tmp_t
        LEFT JOIN ${grp}.user_basic_info_m ubim
        ON ubim.user_seq = tmp_t.establisher_seq
        WHERE tmp_t.row_number = 1
        LIMIT 1
    </select>

    <resultMap id="ShouhizeiritsuMResult" type="com.em.clinicapi.webdto.db.ShouhizeiritsuMWebDto">
        <result column="start_date" property="startDate" />
        <result column="end_date" property="endDate" />
        <result column="shouhizei_type" property="shouhizeiType" />
        <result column="shouhizei_rate" property="shouhizeiRate" />
        <result column="created_by" property="createdBy" />
        <result column="created_at" property="createdAt" />
        <result column="updated_by" property="updatedBy" />
        <result column="updated_at" property="updatedAt" />
    </resultMap>

    <select id="selectShouhizeiritsuMDtos" resultMap="ShouhizeiritsuMResult">
        SELECT
            start_date,
            end_date,
            shouhizei_type,
            shouhizei_rate,
            created_by,
            created_at,
            updated_by,
            updated_at
        FROM ${cmn}.shouhizeiritsu_m
        WHERE start_date <![CDATA[<=]]> #{baseDate}
        AND end_date >= #{baseDate}
    </select>

    <resultMap id="JihiHasuuMResult" type="com.em.clinicapi.webdto.db.JihiHasuuMWebDto">
        <result column="customer_seq" property="customerSeq" />
        <result column="start_date" property="startDate" />
        <result column="end_date" property="endDate" />
        <result column="jihi_item_hasuu_keisan" property="jihiItemHasuuKeisan" />
        <result column="jihi_hoken_karte_hasuu_keisan" property="jihiHokenKarteHasuuKeisan" />
        <result column="jihi_patient_seikyuu_kingaku_keisan" property="jihiPatientSeikyuuKingakuKeisan" />
        <result column="created_by" property="createdBy" />
        <result column="created_at" property="createdAt" />
        <result column="updated_by" property="updatedBy" />
        <result column="updated_at" property="updatedAt" />
    </resultMap>

    <select id="selectJihiHasuuMDtos" resultMap="JihiHasuuMResult">
        SELECT
            customer_seq,
            start_date,
            end_date,
            jihi_item_hasuu_keisan,
            jihi_hoken_karte_hasuu_keisan,
            jihi_patient_seikyuu_kingaku_keisan,
            created_by,
            created_at,
            updated_by,
            updated_at
        FROM ${cst}.jihi_hasuu_m
        WHERE start_date <![CDATA[<=]]> #{baseDate}
        AND end_date >= #{baseDate}
    </select>

</mapper>