<?xml version="1.0" encoding="UTF-8" ?>
<!DOCTYPE mapper PUBLIC "-//mybatis.org//DTD Mapper 3.0//EN" "http://mybatis.org/dtd/mybatis-3-mapper.dtd">
<mapper namespace="com.em.clinicapi.mapper.EmReplicationMapper">
    <resultMap id="ReplicationResult" type="com.em.clinicapi.webdto.ReplicationMCustomWebDto">
        <result column="group_seq" property="groupId" />
        <result column="customer_seq" property="customerId" />
        <result column="customer_replication_id" property="customerReplicationId" />
        <result column="customer_replication_name" property="customerReplicationName" />
        <result column="customer_connection_url" property="customerConnectionUrl" />
        <result column="customer_db_connection_url" property="customerDbConnectionUrl" />
        <result column="customer_db_server_instance_id" property="customerDbServerInstanceId" />
        <result column="customer_db_schema_name" property="customerDbSchemaName" />
        <result column="customer_is_deleted" property="customerIsDeleted" />
        <result column="group_replication_id" property="groupReplicationId" />
        <result column="group_replication_name" property="groupReplicationName" />
        <result column="group_connection_url" property="groupConnectionUrl" />
        <result column="group_db_connection_url" property="groupDbConnectionUrl" />
        <result column="group_db_server_instance_id" property="groupDbServerInstanceId" />
        <result column="group_db_schema_name" property="groupDbSchemaName" />
        <result column="group_is_deleted" property="groupIsDeleted" />
    </resultMap>

    <select id="selectGroupCustomerReplication" resultMap="ReplicationResult">
        select
            gc.group_seq,
            gc.customer_seq,
            rm.replication_id as customer_replication_id,
            rm.replication_name as customer_replication_name,
            rm.connection_url as customer_connection_url,
            rm.db_connection_url as customer_db_connection_url,
            rm.db_server_instance_id as customer_db_server_instance_id,
            rm.db_schema_name as customer_db_schema_name,
            rm.is_deleted as customer_is_deleted,

            rm2.replication_id as group_replication_id,
            rm2.replication_name as group_replication_name,
            rm2.connection_url as group_connection_url,
            rm2.db_connection_url as group_db_connection_url,
            rm2.db_server_instance_id as group_db_server_instance_id,
            rm2.db_schema_name as group_db_schema_name,
            rm2.is_deleted as group_is_deleted
        from common.group_customer_kanri gc
                 inner join common.group_m gm
                            on gc.group_seq = gm.group_seq
                 inner join (
                    select replication_id, customer_seq
                    from
                    (
                        select replication_id, customer_seq,
                            ROW_NUMBER ( ) OVER ( PARTITION BY rtk.customer_seq ORDER BY rtk.customer_seq ASC, rtk.start_date DESC ) rn
                        from
                            "common".replication_taishou_kanri rtk
                        where
                            <![CDATA[rtk.start_date <= CURRENT_DATE]]>
                            and rtk.end_date >= CURRENT_DATE
                    ) rtk_rn
                    where
                        rtk_rn.rn = 1
                    ) rt ON gc.customer_seq = rt.customer_seq
                 inner join common.replication_m rm
                            on rt.replication_id = rm.replication_id
                 inner join common.replication_m rm2
                            ON gm.replication_id = rm2.replication_id
        where gc.group_seq = #{groupSeq}
          and gc.customer_seq = #{customerSeq}
          and gc.start_date = (
            SELECT start_date
            FROM common.group_customer_kanri
            WHERE
                customer_seq = gc.customer_seq
            <![CDATA[and gc.start_date <= CURRENT_DATE]]>
              AND gc.end_date >= CURRENT_DATE
            ORDER BY
                start_date DESC FETCH FIRST 1 ROWS ONLY
            )
          and gm.is_deleted = false
          and rm.is_deleted = false
          and rm2.is_deleted = false
    </select>
</mapper>