<?xml version="1.0" encoding="UTF-8" ?>
<!DOCTYPE mapper PUBLIC "-//mybatis.org//DTD Mapper 3.0//EN" "http://mybatis.org/dtd/mybatis-3-mapper.dtd">
<mapper namespace="com.em.clinicapi.mapper.PatientInfoMapper">

    <resultMap id="PatientResult" type="com.em.clinicapi.webdto.db.PatientWebDto">
        <result column="customer_seq" property="customerSeq" />
        <result column="patient_seq" property="patientSeq" />
        <result column="patient_no" property="patientNo" />
        <result column="karte_no" property="karteNo" />
        <result column="patient_kanji_name" property="patientKanjiName" />
        <result column="patient_kana_name" property="patientKanaName" />
        <result column="sex_kbn" property="sexKbn" />
        <result column="prescription_check_sex_kbn" property="prescriptionCheckSexKbn" />
        <result column="innai_sex_kbn" property="innaiSexKbn" />
        <result column="birth_date" property="birthDate" />
        <result column="blood_type_abo_kbn" property="bloodTypeAboKbn" />
        <result column="blood_type_rh_kbn" property="bloodTypeRhKbn" />
        <result column="patient_group_seq" property="patientGroupSeq" />
        <result column="bunrui_mark_no" property="bunruiMarkNo" />
        <result column="shokugyou_code" property="shokugyouCode" />
        <result column="is_test_patient" property="isTestPatient" />
        <result column="is_search_taishou" property="isSearchTaishou" />
        <result column="home_no" property="homeNo" />
        <result column="contact_info_no" property="contactInfoNo" />
        <result column="seishiki_kanji_name" property="seishikiKanjiName" />
        <result column="seishiki_kana_name" property="seishikiKanaName" />
        <result column="screen_kanji_name" property="screenKanjiName" />
        <result column="screen_kana_name" property="screenKanaName" />
        <result column="report_print_shimei_kbn" property="reportPrintShimeiKbn" />
        <result column="sex_bikou" property="sexBikou" />
        <result column="is_employee_waribiki" property="isEmployeeWaribiki" />
        <result column="waribiki_rate" property="waribikiRate" />
        <result column="wariai_reason" property="wariaiReason" />
        <result column="data_niji_riyou_kbn" property="dataNijiRiyouKbn" />
        <result column="created_by" property="createdBy" />
        <result column="created_at" property="createdAt" />
        <result column="updated_by" property="updatedBy" />
        <result column="updated_at" property="updatedAt" />
    </resultMap>
    <select id="selectPatientWebDtoList" resultMap="PatientResult">
        SELECT
            customer_seq,
            patient_seq,
            patient_no,
            karte_no,
            patient_kanji_name,
            patient_kana_name,
            sex_kbn,
            prescription_check_sex_kbn,
            innai_sex_kbn,
            birth_date,
            blood_type_abo_kbn,
            blood_type_rh_kbn,
            patient_group_seq,
            bunrui_mark_no,
            shokugyou_code,
            is_test_patient,
            is_search_taishou,
            home_no,
            contact_info_no,
            seishiki_kanji_name,
            seishiki_kana_name,
            screen_kanji_name,
            screen_kana_name,
            report_print_shimei_kbn,
            sex_bikou,
            is_employee_waribiki,
            waribiki_rate,
            wariai_reason,
            data_niji_riyou_kbn,
            created_by,
            created_at,
            updated_by,
            updated_at
        FROM ${cst}.patient
        <where>
            <if test= "customerSeq!= null ">AND customer_seq= #{customerSeq}</if>
            <if test= "patientSeq!= null ">AND patient_seq= #{patientSeq}</if>
        </where>
    </select>

    <resultMap id="PatientInfoInformationResultMap" type="com.em.clinicapi.webdto.response.patient.PatientInformation">
        <result column="patient_id" property="patientId" />
        <result column="patient_no" property="patientNo" />
        <result column="karte_no" property="karteNo" />
        <result column="whole_name" property="wholeName" />
        <result column="whole_name_in_kana" property="wholeNameInKana" />
        <result column="birth_date" property="birthDate" />
        <result column="sex" property="sex" />
        <result column="is_test_patient" property="testPatientFlag" />
        <result column="death_flag" property="deathFlag" />
        <result column="first_shinnryou_date" property="firstVisitDate" />
        <result column="final_raiin_date" property="lastVisitDate" />
        <result column="facility_seq" property="facilitySeq" />
    </resultMap>
    <select id="selectPatientInfo" resultMap="PatientInfoInformationResultMap">
        SELECT
            -- 患者の患者SEQ
            p.patient_seq AS patient_id,
            -- 患者の患者番号
            p.patient_no AS patient_no,
            -- 患者のカルテ番号
            p.karte_no AS karte_no,
            -- 患者の漢字氏名
            p.patient_kanji_name AS whole_name,
            -- 患者のカナ氏名
            p.patient_kana_name AS whole_name_in_kana,
            -- 患者の生年月日
            p.birth_date AS birth_date,
            -- 患者の性別　(男:1、女:2)
            p.sex_kbn AS sex,
            -- テスト患者であれば”1”、そうでない場合は”0”
            (CASE WHEN p.is_test_patient IS TRUE THEN '1' ELSE '0' END) AS is_test_patient,
            -- 死亡時は”1”（設定できない）
            '0' AS death_flag,
            -- 初回初診を算定した日付
            k_tmp.final_raiin_date AS first_shinnryou_date,
            -- 最終来院日
            k_tmp.first_shinnryou_date AS final_raiin_date,
            -- 入居施設より該当患者の施設SEQ
            COALESCE(ns_tmp.shisetsu_seq, 0) AS facility_seq
        FROM ${cst}.patient p
        LEFT JOIN
        (
            SELECT
                ns.customer_seq,
                ns.patient_seq,
                ns.shisetsu_seq
            FROM ${cst}.nyuukyo_shisetsu ns
            WHERE ns.customer_seq = #{customerSeq}
            AND ns.patient_seq = #{patientSeq}
            ORDER BY ns.start_date DESC
            LIMIT 1
        ) ns_tmp
        ON ns_tmp.customer_seq = p.customer_seq
        AND ns_tmp.patient_seq = p.patient_seq
        LEFT JOIN
        (
            SELECT
                k.customer_seq,
                k.patient_seq,
                max(k.shinryou_date) AS final_raiin_date,
                min(k.shinryou_date) AS first_shinnryou_date
            FROM ${cst}.karte k
            WHERE k.customer_seq = #{customerSeq}
            AND k.patient_seq = #{patientSeq}
            GROUP BY(k.customer_seq, k.patient_seq)
        ) k_tmp
        ON k_tmp.customer_seq = p.customer_seq
        AND k_tmp.patient_seq = p.patient_seq
        WHERE p.customer_seq = #{customerSeq}
        AND p.patient_seq = #{patientSeq}
        LIMIT 1
    </select>

    <resultMap id="PrefectureInformationResultMap" type="com.em.clinicapi.webdto.response.patient.PrefectureInformation">
        <result column="p_whole_name" property="pWholeName" />
        <result column="p_class" property="pClass" />
        <result column="p_class_name" property="pClassName" />
    </resultMap>
    <select id="selectPrefectureInformation" resultMap="PrefectureInformationResultMap">
        SELECT
            sh.jigyousho_seq,
            '' AS p_whole_name,
            '' AS p_class,
            '' AS p_class_name,
            COALESCE(jm.jigyousho_address || jm.jigyousho_banchi, '') AS city_information,
            '' AS c_whole_name,
            '' AS c_class,
            '' AS c_class_name,
            COALESCE(jm.jigyousho_name, '') AS liability_insurance_office_name
        FROM ${cst}.shuhoken sh
        LEFT JOIN ${cst}.jigyousho_m jm
        ON jm.customer_seq = sh.customer_seq
        AND jm.jigyousho_seq = sh.jigyousho_seq
        WHERE sh.customer_seq = #{customerSeq}
        AND sh.patient_seq = #{patientSeq}
    </select>

    <resultMap id="KisoMonshinResult" type="com.em.clinicapi.webdto.db.KisoMonshinWebDto">
        <result column="customer_seq" property="customerSeq" />
        <result column="patient_seq" property="patientSeq" />
        <result column="kiso_monshin_content" property="kisoMonshinContent" />
        <result column="created_by" property="createdBy" />
        <result column="created_at" property="createdAt" />
        <result column="updated_by" property="updatedBy" />
        <result column="updated_at" property="updatedAt" />
    </resultMap>
    <select id="selectKisoMonshinWebDto" resultMap="KisoMonshinResult">
        SELECT
            customer_seq,patient_seq,kiso_monshin_content,created_by,created_at,updated_by,updated_at
        FROM ${cst}.kiso_monshin
        <where>
            <if test= "customerSeq!= null ">AND customer_seq= #{customerSeq}</if>
            <if test= "patientSeq!= null ">AND patient_seq= #{patientSeq}</if>
        </where>
    </select>

    <resultMap id="PatientJitakuResult" type="com.em.clinicapi.webdto.db.PatientJitakuWebDto">
        <result column="customer_seq" property="customerSeq" />
        <result column="patient_seq" property="patientSeq" />
        <result column="home_seq" property="homeSeq" />
        <result column="postal_no" property="postalNo" />
        <result column="prefecture_code" property="prefectureCode" />
        <result column="shikuchouson_code" property="shikuchousonCode" />
        <result column="address" property="address" />
        <result column="banchi" property="banchi" />
        <result column="phone_no" property="phoneNo" />
        <result column="fax_no" property="faxNo" />
        <result column="mobile_no" property="mobileNo" />
        <result column="home_mail" property="homeMail" />
        <result column="mobile_mail" property="mobileMail" />
        <result column="is_dm_kibou" property="isDmKibou" />
        <result column="dm_mail_kbn" property="dmMailKbn" />
        <result column="bikou" property="bikou" />
        <result column="start_date" property="startDate" />
        <result column="end_date" property="endDate" />
        <result column="created_by" property="createdBy" />
        <result column="created_at" property="createdAt" />
        <result column="updated_by" property="updatedBy" />
        <result column="updated_at" property="updatedAt" />
    </resultMap>
    <select id="selectPatientJitakuWebDto" resultMap="PatientJitakuResult">
        SELECT
            pj.customer_seq,
            pj.patient_seq,
            pj.home_seq,
            pj.postal_no,
            pj.prefecture_code,
            pj.shikuchouson_code,
            pj.address,
            pj.banchi,
            pj.phone_no,
            pj.fax_no,
            pj.mobile_no,
            pj.home_mail,
            pj.mobile_mail,
            pj.is_dm_kibou,
            pj.dm_mail_kbn,
            pj.bikou,
            pj.start_date,
            pj.end_date,
            pj.created_by,
            pj.created_at,
            pj.updated_by,
            pj.updated_at
        FROM ${cst}.patient_jitaku pj
        WHERE pj.customer_seq = #{customerSeq}
        AND pj.patient_seq = #{patientSeq}
        ORDER BY pj.start_date DESC
        LIMIT 1
    </select>

    <resultMap id="PatientRenrakusakiResult" type="com.em.clinicapi.webdto.db.PatientRenrakusakiWebDto">
        <result column="customer_seq" property="customerSeq" />
        <result column="patient_seq" property="patientSeq" />
        <result column="contact_info_seq" property="contactInfoSeq" />
        <result column="contact_info_name" property="contactInfoName" />
        <result column="postal_no" property="postalNo" />
        <result column="prefecture_code" property="prefectureCode" />
        <result column="shikuchouson_code" property="shikuchousonCode" />
        <result column="address" property="address" />
        <result column="banchi" property="banchi" />
        <result column="phone_no" property="phoneNo" />
        <result column="fax_no" property="faxNo" />
        <result column="mobile_no" property="mobileNo" />
        <result column="home_mail" property="homeMail" />
        <result column="mobile_mail" property="mobileMail" />
        <result column="bikou" property="bikou" />
        <result column="is_priority" property="isPriority" />
        <result column="created_by" property="createdBy" />
        <result column="created_at" property="createdAt" />
        <result column="updated_by" property="updatedBy" />
        <result column="updated_at" property="updatedAt" />
    </resultMap>
    <select id="selectPatientRenrakusakiWebDto" resultMap="PatientRenrakusakiResult">
        SELECT
            pr.customer_seq,
            pr.patient_seq,
            pr.contact_info_seq,
            pr.contact_info_name,
            pr.postal_no,
            pr.prefecture_code,
            pr.shikuchouson_code,
            pr.address,
            pr.banchi,
            pr.phone_no,
            pr.fax_no,
            pr.mobile_no,
            pr.home_mail,
            pr.mobile_mail,
            pr.bikou,
            pr.is_priority,
            pr.created_by,
            pr.created_at,
            pr.updated_by,
            pr.updated_at
        FROM ${cst}.patient_renrakusaki pr
        WHERE pr.customer_seq = #{customerSeq}
        AND pr.patient_seq = #{patientSeq}
        ORDER BY pr.contact_info_seq DESC
        LIMIT 1
    </select>

    <resultMap id="UcRecHokenResult" type="com.em.clinicapi.webdto.db.UcRecHokenWebDto">
        <result column="customer_seq" property="customerSeq" />
        <result column="hoken_id" property="hokenId" />
        <result column="riyousha_id" property="riyoushaId" />
        <result column="hokensha_no" property="hokenshaNo" />
        <result column="hihokensha_no" property="hihokenshaNo" />
        <result column="start_date" property="startDate" />
        <result column="end_date" property="endDate" />
        <result column="is_deleted" property="isDeleted" />
        <result column="created_by" property="createdBy" />
        <result column="created_at" property="createdAt" />
        <result column="updated_by" property="updatedBy" />
        <result column="updated_at" property="updatedAt" />
        <result column="is_kyotaku_ryouyou" property="isKyotakuRyouyou" />
        <result column="is_houmon_kango" property="isHoumonKango" />
        <result column="is_houmon_riha" property="isHoumonRiha" />
        <result column="is_tsuusho_riha" property="isTsuushoRiha" />
    </resultMap>
    <select id="selectUcRecHokenWebDtoList" resultMap="UcRecHokenResult">
        SELECT
            customer_seq,
            hoken_id,
            riyousha_id,
            hokensha_no,
            hihokensha_no,
            start_date,
            end_date,
            is_deleted,
            created_by,
            created_at,
            updated_by,
            updated_at,
            is_kyotaku_ryouyou,
            is_houmon_kango,
            is_houmon_riha,
            is_tsuusho_riha
        FROM ${cst}.uc_rec_hoken
        WHERE customer_seq = #{customerSeq}
        AND riyousha_id = #{patientSeq}
        AND is_deleted = false
    </select>

    <resultMap id="UcRecDegreeResult" type="com.em.clinicapi.webdto.db.UcRecDegreeWebDto">
        <result column="customer_seq" property="customerSeq" />
        <result column="degree_id" property="degreeId" />
        <result column="hoken_id" property="hokenId" />
        <result column="riyousha_id" property="riyoushaId" />
        <result column="approval_date" property="approvalDate" />
        <result column="degree_kbn" property="degreeKbn" />
        <result column="gendogaku" property="gendogaku" />
        <result column="nintei_start_date" property="ninteiStartDate" />
        <result column="nintei_end_date" property="ninteiEndDate" />
        <result column="gendogaku_start_date" property="gendogakuStartDate" />
        <result column="gendogaku_end_date" property="gendogakuEndDate" />
        <result column="created_by" property="createdBy" />
        <result column="created_at" property="createdAt" />
        <result column="updated_by" property="updatedBy" />
        <result column="updated_at" property="updatedAt" />
    </resultMap>
    <select id="selectUcRecDegreeWebDtoList" resultMap="UcRecDegreeResult">
        SELECT
            u.customer_seq,
            u.degree_id,
            u.hoken_id,
            riyousha_id,
            u.approval_date,
            u.degree_kbn,
            u.gendogaku,
            u.nintei_start_date,
            u.nintei_end_date,
            u.gendogaku_start_date,
            u.gendogaku_end_date,
            u.created_by,
            u.created_at,
            u.updated_by,
            u.updated_at
        FROM ${cst}.uc_rec_degree u
        WHERE u.customer_seq = #{customerSeq}
        AND u.riyousha_id = #{patientSeq}
    </select>

    <resultMap id="ShuhokenResult" type="com.em.clinicapi.webdto.db.ShuhokenWebDto">
        <result column="customer_seq" property="customerSeq" />
        <result column="patient_seq" property="patientSeq" />
        <result column="hoken_seq" property="hokenSeq" />
        <result column="jigyousho_seq" property="jigyoushoSeq" />
        <result column="start_date" property="startDate" />
        <result column="end_date" property="endDate" />
        <result column="hoken_kbn" property="hokenKbn" />
        <result column="jihi_kbn" property="jihiKbn" />
        <result column="hokensha_no" property="hokenshaNo" />
        <result column="hoken_kigou" property="hokenKigou" />
        <result column="hoken_no" property="hokenNo" />
        <result column="eda_no" property="edaNo" />
        <result column="honnin_family_kbn" property="honninFamilyKbn" />
        <result column="shokumujou_reason_kbn" property="shokumujouReasonKbn" />
        <result column="hihokensha_name" property="hihokenshaName" />
        <result column="shikaku_shutoku_date" property="shikakuShutokuDate" />
        <result column="houteigai_kyuufu_kbn" property="houteigaiKyuufuKbn" />
        <result column="special_ryouyouhi_kbn" property="specialRyouyouhiKbn" />
        <result column="shoumeisho_no" property="shoumeishoNo" />
        <result column="gyoumu_tsuukin_saigai_mune" property="gyoumuTsuukinSaigaiMune" />
        <result column="hokenshou_kakunin_date" property="hokenshouKakuninDate" />
        <result column="final_raiin_date" property="finalRaiinDate" />
        <result column="kakutei_kbn" property="kakuteiKbn" />
        <result column="kakuteisha" property="kakuteisha" />
        <result column="kakutei_date_time" property="kakuteiDateTime" />
        <result column="third_party_ninshou_kbn" property="thirdPartyNinshouKbn" />
        <result column="fukuhoken_1_seq" property="fukuhoken1Seq" />
        <result column="fukuhoken_2_seq" property="fukuhoken2Seq" />
        <result column="fukuhoken_3_seq" property="fukuhoken3Seq" />
        <result column="fukuhoken_4_seq" property="fukuhoken4Seq" />
        <result column="hoken_memo" property="hokenMemo" />
        <result column="kyuufu_wariai_kakunin_kbn" property="kyuufuWariaiKakuninKbn" />
        <result column="created_by" property="createdBy" />
        <result column="created_at" property="createdAt" />
        <result column="updated_by" property="updatedBy" />
        <result column="updated_at" property="updatedAt" />
    </resultMap>
    <select id="selectShuhokenWebDtoList" resultMap="ShuhokenResult">
        SELECT
            customer_seq,
            patient_seq,
            hoken_seq,
            jigyousho_seq,
            start_date,
            end_date,
            hoken_kbn,
            jihi_kbn,
            hokensha_no,
            hoken_kigou,
            hoken_no,
            eda_no,
            honnin_family_kbn,
            shokumujou_reason_kbn,
            hihokensha_name,
            shikaku_shutoku_date,
            houteigai_kyuufu_kbn,
            special_ryouyouhi_kbn,
            shoumeisho_no,
            gyoumu_tsuukin_saigai_mune,
            hokenshou_kakunin_date,
            final_raiin_date,
            kakutei_kbn,
            kakuteisha,
            kakutei_date_time,
            third_party_ninshou_kbn,
            fukuhoken_1_seq,
            fukuhoken_2_seq,
            fukuhoken_3_seq,
            fukuhoken_4_seq,
            hoken_memo,
            kyuufu_wariai_kakunin_kbn,
            created_by,
            created_at,
            updated_by,
            updated_at
        FROM ${cst}.shuhoken
        WHERE customer_seq= #{customerSeq}
        AND patient_seq= #{patientSeq}
        ORDER BY start_date DESC
    </select>

    <resultMap id="ShuhokenRekiResult" type="com.em.clinicapi.webdto.db.ShuhokenRekiWebDto">
        <result column="customer_seq" property="customerSeq" />
        <result column="patient_seq" property="patientSeq" />
        <result column="hoken_seq" property="hokenSeq" />
        <result column="start_date" property="startDate" />
        <result column="shotoku_kbn" property="shotokuKbn" />
        <result column="gendogaku_tekiyou_kbn" property="gendogakuTekiyouKbn" />
        <result column="is_gendogaku_ninteishou" property="isGendogakuNinteishou" />
        <result column="patient_futan_rate" property="patientFutanRate" />
        <result column="kyuufu_wariai" property="kyuufuWariai" />
        <result column="genmen_kbn" property="genmenKbn" />
        <result column="gengaku_wariai" property="gengakuWariai" />
        <result column="gengaku_kingaku" property="gengakuKingaku" />
        <result column="created_by" property="createdBy" />
        <result column="created_at" property="createdAt" />
        <result column="updated_by" property="updatedBy" />
        <result column="updated_at" property="updatedAt" />
    </resultMap>
    <select id="selectShuhokenRekiWebDtoList" resultMap="ShuhokenRekiResult">
        SELECT
            customer_seq,
            patient_seq,
            hoken_seq,
            start_date,
            shotoku_kbn,
            gendogaku_tekiyou_kbn,
            is_gendogaku_ninteishou,
            patient_futan_rate,
            kyuufu_wariai,
            genmen_kbn,
            gengaku_wariai,
            gengaku_kingaku,
            created_by,
            created_at,
            updated_by,
            updated_at
        FROM ${cst}.shuhoken_reki
        WHERE customer_seq= #{customerSeq}
        AND patient_seq= #{patientSeq}
    </select>

    <resultMap id="FukuhokenResult" type="com.em.clinicapi.webdto.db.FukuhokenWebDto">
        <result column="customer_seq" property="customerSeq" />
        <result column="patient_seq" property="patientSeq" />
        <result column="fukuhoken_seq" property="fukuhokenSeq" />
        <result column="fukuhoken_type" property="fukuhokenType" />
        <result column="futansha_no" property="futanshaNo" />
        <result column="jukyuusha_no" property="jukyuushaNo" />
        <result column="kouhi_seido_kbn" property="kouhiSeidoKbn" />
        <result column="fukushi_no" property="fukushiNo" />
        <result column="fukushi_master_seq" property="fukushiMasterSeq" />
        <result column="hoken_kigou" property="hokenKigou" />
        <result column="start_date" property="startDate" />
        <result column="end_date" property="endDate" />
        <result column="created_by" property="createdBy" />
        <result column="created_at" property="createdAt" />
        <result column="updated_by" property="updatedBy" />
        <result column="updated_at" property="updatedAt" />
    </resultMap>
    <select id="selectFukuhokenWebDtoList" resultMap="FukuhokenResult">
        SELECT
            customer_seq,
            patient_seq,
            fukuhoken_seq,
            fukuhoken_type,
            futansha_no,
            jukyuusha_no,
            kouhi_seido_kbn,
            fukushi_no,
            fukushi_master_seq,
            hoken_kigou,
            start_date,
            end_date,
            created_by,
            created_at,
            updated_by,
            updated_at
        FROM ${cst}.fukuhoken
        WHERE customer_seq= #{customerSeq}
        AND patient_seq= #{patientSeq}
    </select>

    <resultMap id="FukuhokenRekiResult" type="com.em.clinicapi.webdto.db.FukuhokenRekiWebDto">
        <result column="customer_seq" property="customerSeq" />
        <result column="patient_seq" property="patientSeq" />
        <result column="fukuhoken_seq" property="fukuhokenSeq" />
        <result column="start_date" property="startDate" />
        <result column="patient_futan_rate" property="patientFutanRate" />
        <result column="kyuufu_wariai" property="kyuufuWariai" />
        <result column="gendogaku" property="gendogaku" />
        <result column="genmen_kbn" property="genmenKbn" />
        <result column="gengaku_wariai" property="gengakuWariai" />
        <result column="gengaku_kingaku" property="gengakuKingaku" />
        <result column="prescription_kigou_print" property="prescriptionKigouPrint" />
        <result column="shotoku_kbn" property="shotokuKbn" />
        <result column="shikuchouson_code" property="shikuchousonCode" />
        <result column="jigyou_no" property="jigyouNo" />
        <result column="special_futan_kbn" property="specialFutanKbn" />
        <result column="kouhi_gendo_input_kbn" property="kouhiGendoInputKbn" />
        <result column="koufu_no" property="koufuNo" />
        <result column="created_by" property="createdBy" />
        <result column="created_at" property="createdAt" />
        <result column="updated_by" property="updatedBy" />
        <result column="updated_at" property="updatedAt" />
    </resultMap>
    <select id="selectFukuhokenRekiWebDtoList" resultMap="FukuhokenRekiResult">
        SELECT
            customer_seq,
            patient_seq,
            fukuhoken_seq,
            start_date,
            patient_futan_rate,
            kyuufu_wariai,
            gendogaku,
            genmen_kbn,
            gengaku_wariai,
            gengaku_kingaku,
            prescription_kigou_print,
            shotoku_kbn,
            shikuchouson_code,
            jigyou_no,
            special_futan_kbn,
            kouhi_gendo_input_kbn,
            koufu_no,
            created_by,
            created_at,
            updated_by,
            updated_at
        FROM ${cst}.fukuhoken_reki
        WHERE customer_seq= #{customerSeq}
        AND patient_seq= #{patientSeq}
    </select>

    <resultMap id="KouhiMResult" type="com.em.clinicapi.webdto.db.KouhiMWebDto">
        <result column="houbetsu_no" property="houbetsuNo" />
        <result column="seido_kbn" property="seidoKbn" />
        <result column="start_date" property="startDate" />
        <result column="end_date" property="endDate" />
        <result column="kouhi_name" property="kouhiName" />
        <result column="kouhi_short_name" property="kouhiShortName" />
        <result column="kouhi_priority_order" property="kouhiPriorityOrder" />
        <result column="tekiyou_kbn" property="tekiyouKbn" />
        <result column="tsukigendogaku_config_kbn" property="tsukigendogakuConfigKbn" />
        <result column="futan_wariai_kbn" property="futanWariaiKbn" />
        <result column="futan_wariai" property="futanWariai" />
        <result column="patient_futan_gendogaku_kbn" property="patientFutanGendogakuKbn" />
        <result column="taishou_hoken_kbn" property="taishouHokenKbn" />
        <result column="taishou_hoken_gendogaku_kbn" property="taishouHokenGendogakuKbn" />
        <result column="is_shotoku_kbn_tokkijikou_hitsuyou" property="isShotokuKbnTokkijikouHitsuyou" />
        <result column="created_by" property="createdBy" />
        <result column="created_at" property="createdAt" />
        <result column="updated_by" property="updatedBy" />
        <result column="updated_at" property="updatedAt" />
    </resultMap>
    <select id="selectKouhiMWebDtoList" resultMap="KouhiMResult">
        SELECT
            houbetsu_no,
            seido_kbn,
            start_date,
            end_date,
            kouhi_name,
            kouhi_short_name,
            kouhi_priority_order,
            tekiyou_kbn,
            tsukigendogaku_config_kbn,
            futan_wariai_kbn,
            futan_wariai,
            patient_futan_gendogaku_kbn,
            taishou_hoken_kbn,
            taishou_hoken_gendogaku_kbn,
            is_shotoku_kbn_tokkijikou_hitsuyou,
            created_by,
            created_at,
            updated_by,
            updated_at
        FROM ${cmn}.kouhi_m
        WHERE houbetsu_no= #{houbetsuNo}
        AND seido_kbn= #{seidoKbn}
        ORDER BY start_date DESC
    </select>

    <resultMap id="RousaiHokenResult" type="com.em.clinicapi.webdto.db.RousaiHokenWebDto">
        <result column="customer_seq" property="customerSeq" />
        <result column="patient_seq" property="patientSeq" />
        <result column="hoken_seq" property="hokenSeq" />
        <result column="rousai_kbn" property="rousaiKbn" />
        <result column="roudou_hoken_no" property="roudouHokenNo" />
        <result column="nenkin_shousho_no" property="nenkinShoushoNo" />
        <result column="rousai_seikyuu_kbn" property="rousaiSeikyuuKbn" />
        <result column="jigyousho_seq" property="jigyoushoSeq" />
        <result column="ryouyou_start_date" property="ryouyouStartDate" />
        <result column="ryouyou_end_date" property="ryouyouEndDate" />
        <result column="health_kanri_handbook_no" property="healthKanriHandbookNo" />
        <result column="shoubyou_code" property="shoubyouCode" />
        <result column="densan_seikyuu_kana_name" property="densanSeikyuuKanaName" />
        <result column="jibaiseki_type_kbn" property="jibaisekiTypeKbn" />
        <result column="santei_kijun_kbn" property="santeiKijunKbn" />
        <result column="kaikei_kbn" property="kaikeiKbn" />
        <result column="iho_seq" property="ihoSeq" />
        <result column="is_tensuu_kobetsu_config" property="isTensuuKobetsuConfig" />
        <result column="tensuu_kobetsu_config_kingaku" property="tensuuKobetsuConfigKingaku" />
        <result column="jushou_date" property="jushouDate" />
        <result column="shoshin_date" property="shoshinDate" />
        <result column="shoubyou_cause" property="shoubyouCause" />
        <result column="seikyuusaki_1_kbn" property="seikyuusaki1Kbn" />
        <result column="seikyuusaki_1_seq" property="seikyuusaki1Seq" />
        <result column="seikyuusaki_1_memo" property="seikyuusaki1Memo" />
        <result column="seikyuusaki_2_kbn" property="seikyuusaki2Kbn" />
        <result column="seikyuusaki_2_seq" property="seikyuusaki2Seq" />
        <result column="seikyuusaki_2_memo" property="seikyuusaki2Memo" />
        <result column="seikyuusaki_3_kbn" property="seikyuusaki3Kbn" />
        <result column="seikyuusaki_3_seq" property="seikyuusaki3Seq" />
        <result column="seikyuusaki_3_memo" property="seikyuusaki3Memo" />
        <result column="created_by" property="createdBy" />
        <result column="created_at" property="createdAt" />
        <result column="updated_by" property="updatedBy" />
        <result column="updated_at" property="updatedAt" />
    </resultMap>
    <select id="selectRousaiHokenWebDto" resultMap="RousaiHokenResult">
        SELECT
            customer_seq,
            patient_seq,
            hoken_seq,
            rousai_kbn,
            roudou_hoken_no,
            nenkin_shousho_no,
            rousai_seikyuu_kbn,
            jigyousho_seq,
            ryouyou_start_date,
            ryouyou_end_date,
            health_kanri_handbook_no,
            shoubyou_code,
            densan_seikyuu_kana_name,
            jibaiseki_type_kbn,
            santei_kijun_kbn,
            kaikei_kbn,
            iho_seq,
            is_tensuu_kobetsu_config,
            tensuu_kobetsu_config_kingaku,
            jushou_date,
            shoshin_date,
            shoubyou_cause,
            seikyuusaki_1_kbn,
            seikyuusaki_1_seq,
            seikyuusaki_1_memo,
            seikyuusaki_2_kbn,
            seikyuusaki_2_seq,
            seikyuusaki_2_memo,
            seikyuusaki_3_kbn,
            seikyuusaki_3_seq,
            seikyuusaki_3_memo,
            created_by,
            created_at,
            updated_by,
            updated_at
        FROM ${cst}.rousai_hoken
        WHERE customer_seq= #{customerSeq}
        AND patient_seq= #{patientSeq}
        AND hoken_seq= #{hokenSeq}
        LIMIT 1
    </select>

    <resultMap id="JigyoushoMResult" type="com.em.clinicapi.webdto.db.JigyoushoMWebDto">
        <result column="customer_seq" property="customerSeq" />
        <result column="jigyousho_seq" property="jigyoushoSeq" />
        <result column="hoken_kbn" property="hokenKbn" />
        <result column="jigyousho_name" property="jigyoushoName" />
        <result column="jigyousho_address" property="jigyoushoAddress" />
        <result column="jigyousho_banchi" property="jigyoushoBanchi" />
        <result column="jigyousho_phone_no" property="jigyoushoPhoneNo" />
        <result column="jigyousho_postal_no" property="jigyoushoPostalNo" />
        <result column="is_not_display" property="isNotDisplay" />
        <result column="created_by" property="createdBy" />
        <result column="created_at" property="createdAt" />
        <result column="updated_by" property="updatedBy" />
        <result column="updated_at" property="updatedAt" />
    </resultMap>
    <select id="selectJigyoushoMWebDto" resultMap="JigyoushoMResult">
        SELECT
            customer_seq,
            jigyousho_seq,
            hoken_kbn,
            jigyousho_name,
            jigyousho_address,
            jigyousho_banchi,
            jigyousho_phone_no,
            jigyousho_postal_no,
            is_not_display,
            created_by,
            created_at,
            updated_by,
            updated_at
        FROM ${cst}.jigyousho_m
        WHERE customer_seq= #{customerSeq}
        AND jigyousho_seq= #{jigyoushoSeq}
        AND is_not_display = false
        LIMIT 1
    </select>

    <select id="selectPatientSystemConfigContent" resultType="String">
        SELECT
            config_content
        FROM ${cst}.patient_system_config
        WHERE customer_seq = #{customerSeq}
        AND patient_seq = #{patientSeq}
        AND kinou_no = #{kinouNo}
        AND item_no = #{itemNo}
        LIMIT 1
    </select>

    <select id="checkPatientPregnant" resultType="boolean">
        SELECT count(1) > 0
        FROM ${cst}.patient_ninshin pn
        WHERE pn.customer_seq = #{customerSeq}
        AND pn.patient_seq = #{patientSeq}
    </select>

    <resultMap id="EmsRousaiAfterCareShoubyouCodeMResult" type="com.em.clinicapi.webdto.db.EmsRousaiAfterCareShoubyouCodeMWebDto">
        <result column="shoubyou_code" property="shoubyouCode" />
        <result column="shoubyou_name" property="shoubyouName" />
        <result column="start_date" property="startDate" />
        <result column="end_date" property="endDate" />
        <result column="created_by" property="createdBy" />
        <result column="created_at" property="createdAt" />
        <result column="updated_by" property="updatedBy" />
        <result column="updated_at" property="updatedAt" />
    </resultMap>
    <select id="selectEmsRousaiAfterCareShoubyouCodeMDtos" resultMap="EmsRousaiAfterCareShoubyouCodeMResult">
        SELECT
            shoubyou_code,
            shoubyou_name,
            start_date,
            end_date,
            created_by,
            created_at,
            updated_by,
            updated_at
        FROM ${cmn}.ems_rousai_after_care_shoubyou_code_m
        WHERE  shoubyou_code = #{shoubyouCode}
        AND start_date <![CDATA[<=]]> #{baseDate}
        AND end_date >= #{baseDate}
    </select>

    <select id="selectPatientShoubyouNameList" resultType="String">
        SELECT
            shoubyou_name
        FROM ${cst}.shoubyou
        WHERE customer_seq = #{customerSeq}
        AND patient_seq = #{patientSeq}
        GROUP BY shoubyou_name
    </select>

</mapper>