<?xml version="1.0" encoding="UTF-8"?>
<!--
    log4j2 ログ出力関連コンテンツを構成
    ログレベルと優先度の並べ替え: OFF > FATAL > ERROR > WARN > INFO > DEBUG > TRACE > ALL
-->

<!-- ステータスはlog4j2の内部ログレベルを定義 -->
<configuration status="ALL">
    <!-- グローバル変数 -->
    <Properties>
        <!-- ログ出力形式 -->
        <property name="pattern" value="%date{yyyy-MM-dd HH:mm:ss.SSS} %-5level [%-5thread] %logger{36}: %msg%n"/>
        <!-- ログファイル出力パス -->
        <property name="filePath" value="logs"/>
        <!-- ログファイル出力名 -->
        <property name="fileName" value="api-server.log"/>
    </Properties>

    <!-- Log Appender -->
    <appenders>
        <!-- コンソールログ出力 -->
        <console name="StdOut" target="SYSTEM_OUT">
            <!--出力ログ形式-->
            <PatternLayout pattern="${pattern}"/>
            <!--ALL レベル以上-->
            <ThresholdFilter level="ALL" onMatch="ACCEPT" onMismatch="DENY"/>
        </console>

        <!-- ファイル ログ出力 -->
        <!-- append=false、プログラムが実行されるたびに自動的にクリア -->
        <!-- append=true、ログの内容は、既存のログ ファイルの末尾に追加されます。ファイルが存在しない場合は、新しいファイルが作成 -->
        <!--<File name="File" fileName="${filePath}/${fileName}" append="true">
            &lt;!&ndash;出力ログ形式&ndash;&gt;
            <PatternLayout pattern="${pattern}"/>
        </File>-->

        <!-- ログファイルを自動的にスクロール（回転） -->
        <!-- ログ ファイルが特定のサイズに達するか、設定された時間間隔を超えると、新しいログ ファイルが作成 -->
        <!-- 単一のログ ファイルが大きくなりすぎることを防ぎ、ログの管理とメンテナンスを容易にする -->
        <RollingFile name="RollingFileInfo"
                     fileName="${filePath}/${fileName}"
                     filePattern="${filePath}/${fileName}-INFO-%d{yyyy-MM-dd}_%i.log.gz"
                     append="true">
            <!--INFO レベル以上、ERROR レベル以下「ERROR を除外」-->
            <Filters>
                <ThresholdFilter level="INFO" onMatch="ACCEPT" onMismatch="DENY"/>
                <ThresholdFilter level="WARN" onMatch="DENY" onMismatch="ACCEPT"/>
            </Filters>
            <!--出力ログ形式-->
            <PatternLayout pattern="${pattern}"/>
            <!--スクロール戦略の定義-->
            <Policies>
                <!--時間ベースのローリング戦略、デフォルトで 1 日に 1 回-->
                <TimeBasedTriggeringPolicy interval="1"/>
                <!--ログファイルが 100MB に達するとスクロール-->
                <SizeBasedTriggeringPolicy size="100MB"/>
            </Policies>
            <!-- 過去 15 日間のログ ファイルは保持され、15日より古いログ ファイルは削除-->
            <DefaultRolloverStrategy max="15"/>
        </RollingFile>
        <RollingFile name="RollingFileError"
                     fileName="${filePath}/error.log"
                     filePattern="${filePath}/${fileName}-ERROR-%d{yyyy-MM-dd}_%i.log.gz"
                     append="true">
            <!--レベル ERROR 以上 (FATAL など) のログ イベントのみがコンソールに出力される-->
            <ThresholdFilter level="ERROR" onMatch="ACCEPT" onMismatch="DENY"/>
            <!--出力ログ形式-->
            <PatternLayout pattern="${pattern}"/>
            <!--スクロール戦略の定義-->
            <Policies>
                <!--時間ベースのローリング戦略、デフォルトで 1 日に 1 回-->
                <TimeBasedTriggeringPolicy interval="1"/>
                <!--ログファイルが 100MB に達するとスクロール-->
                <SizeBasedTriggeringPolicy size="100MB"/>
            </Policies>
            <!-- 過去 15 日間のログ ファイルは保持され、15日より古いログ ファイルは削除-->
            <DefaultRolloverStrategy max="15"/>
        </RollingFile>
    </appenders>

    <!--Logger ノードは、ログ形式を個別に指定するために使用されます。-->
    <!--たとえば、指定されたパッケージの下のクラスに異なるログ レベルを指定します。-->
    <!--次に、ロガーを定義します。-->
    <loggers>
        <!--mybatisとspringから不要なDEBUG情報を除外-->
        <!--additivity: 親ロガーのアペンダー設定を継承するかどうか。デフォルト値は true-->
        <logger name="org.mybatis" level="INFO" additivity="false">
            <AppenderRef ref="StdOut"/>
        </logger>
        <Logger name="org.springframework" level="INFO" additivity="false">
            <AppenderRef ref="StdOut"/>
        </Logger>

        <root level="INFO">
            <appender-ref ref="StdOut"/>
            <!--<appender-ref ref="File"/>-->
            <appender-ref ref="RollingFileInfo"/>
            <appender-ref ref="RollingFileError"/>
        </root>
    </loggers>

</configuration>