<?xml version="1.0" encoding="UTF-8" ?>
<!DOCTYPE mapper PUBLIC "-//mybatis.org//DTD Mapper 3.0//EN" "http://mybatis.org/dtd/mybatis-3-mapper.dtd">
<mapper namespace="com.em.clinicapi.mapper.BasicInfoMapper">
    <resultMap id="PhysicianInformation" type="com.em.clinicapi.webdto.response.PhysicianInformationWebDto">
        <result column="user_seq" property="code" />
        <result column="user_name" property="wholeName" />
        <result column="user_kana_name" property="wholeNameInKana" />
        <result column="physician_permission_id" property="physicianPermissionId" />
        <result column="mayaku_license_no" property="drugPermissionId" />
    </resultMap>

    <resultMap id="DepartmentInformation" type="com.em.clinicapi.webdto.response.DepartmentInfromationWebDto">
        <result column="shisetsu_no" property="code" />
        <result column="shinryouka_name" property="wholeName" />
        <result column="shinryouka_kana_name" property="wholeNameInKana" />
        <result column="name1" property="name1" />
        <result column="name2" property="name2" />
        <result column="name3" property="name3" />
        <result column="kikin_shinryouka_code" property="receiptCode" />
    </resultMap>


    <select id="selectDoctorBasicInfo" resultMap="PhysicianInformation">
        WITH temp
             AS (SELECT r.role_code,
                        u.user_seq
                 FROM   ${grp}.user_kanri u
                        LEFT JOIN ${grp}.role_m r
                               ON u.role_seq = r.role_seq)
        SELECT user_seq,
               user_name,
               user_kana_name,
               '' AS physician_permission_id,
               mayaku_license_no,
               '' AS department_code1,
               '' AS department_code2,
               '' AS department_code3,
               '' AS department_code4,
               '' AS department_code5
        FROM   ${grp}.user_basic_info_m
        WHERE  user_seq IN (SELECT DISTINCT user_seq
                            FROM   temp
                            WHERE  role_code = 'CLI_DOCTOR'
                                   AND user_seq NOT IN (SELECT DISTINCT user_seq
                                                        FROM   temp
                                                        WHERE  temp.role_code IN (
                                                               'EM_ADMIN', 'SYSADMIN' )
                                                       ))
    </select>

    <select id="selectStaffBasicInfo" resultMap="PhysicianInformation">
        WITH temp
             AS (SELECT r.role_code,
                        u.user_seq
                 FROM   ${grp}.user_kanri u
                        LEFT JOIN ${grp}.role_m r
                               ON u.role_seq = r.role_seq)
        SELECT user_seq,
               user_name,
               user_kana_name,
               '' AS physician_permission_id,
               mayaku_license_no,
               '' AS department_code1,
               '' AS department_code2,
               '' AS department_code3,
               '' AS department_code4,
               '' AS department_code5
        FROM   ${grp}.user_basic_info_m
        WHERE  user_seq IN (SELECT DISTINCT user_seq
                            FROM   temp
                            WHERE  user_seq NOT IN (SELECT DISTINCT user_seq
                                                        FROM   temp
                                                        WHERE  temp.role_code IN (
                                                               'EM_ADMIN', 'SYSADMIN', 'CLI_DOCTOR' )
                                                       ))
    </select>

    <select id="selectDepartmentBasicInfo" resultMap="DepartmentInformation" parameterType="com.em.clinicapi.webdto.request.BasicInfoWebDto">
        SELECT shisetsu_no,
               shinryouka_name,
               shinryouka_kana_name,
               '' as name1,
               '' as name2,
               '' as name3,
               kikin_shinryouka_code
        FROM ${cst}."shinryouka_ika_m"
        WHERE customer_seq = #{customerId}
        ORDER BY shisetsu_no,shinryouka_name ASC
        LIMIT 100
    </select>

</mapper>