<?xml version="1.0" encoding="UTF-8"?>
<!--
    Configure log4j2 log output related content
    Log level and priority sorting: OFF > FATAL > ERROR > WARN > INFO > DEBUG > TRACE > ALL
-->

<!-- status defines the log4j2 internal log level -->
<configuration status="DEBUG">
    <!-- Custom global variables -->
    <Properties>
        <!-- Log output format -->
        <property name="pattern" value="%date{yyyy-MM-dd HH:mm:ss.SSS} %-5level [%-5thread] %logger{36}: %msg%n"/>
        <!-- Log file output path -->
        <property name="filePath" value="logs"/>
        <!-- Log file output name -->
        <property name="fileName" value="app.log"/>
    </Properties>

    <!-- Log Appender -->
    <appenders>
        <!-- Console log output -->
        <console name="Console" target="SYSTEM_OUT">
            <!--Output log format-->
            <PatternLayout pattern="${pattern}"/>
            <!--The console only outputs information of level and above (onMatch), and other information is directly rejected (onMismatch).-->
            <ThresholdFilter level="ALL" onMatch="ACCEPT" onMismatch="DENY"/>
        </console>

        <!-- File log output. This log will be automatically cleared each time the program is run.-->
        <File name="File" fileName="${filePath}/${fileName}" append="false">
            <PatternLayout pattern="${pattern}"/>
        </File>

        <!-- This will print out all error and lower level information. Every time the size exceeds size,
            the size log will be automatically stored in a folder created by year-month and compressed as an archive.-->
        <RollingFile name="RollingFileError" fileName="${filePath}/error.log" filePattern="${filePath}/${fileName}-ERROR-%d{yyyy-MM-dd}_%i.log.gz">
            <!--The console only outputs information at level and above (onMatch), and other information is directly rejected (onMismatch).-->
            <ThresholdFilter level="error" onMatch="ACCEPT" onMismatch="DENY"/>
            <PatternLayout pattern="${pattern}"/>
            <Policies>
                <!--The interval attribute is used to specify how often to scroll. The default is 1 hour.-->
                <TimeBasedTriggeringPolicy interval="1"/>
                <SizeBasedTriggeringPolicy size="100MB"/>
            </Policies>
            <!-- If the DefaultRolloverStrategy attribute is not set, the default is to start overwriting up to 7 files in the same folder.-->
            <DefaultRolloverStrategy max="15"/>
        </RollingFile>
    </appenders>

    <!--The Logger node is used to specify the log form individually, for example, to specify different log levels for classes under a specified package.-->
    <!--Then define loggers. Only when the logger is defined and the appender introduced will the appender take effect.-->
    <loggers>
        <!--Filter out some useless DEBUG information from spring and mybatis-->
        <logger name="org.mybatis" level="info" additivity="false">
            <AppenderRef ref="Console"/>
        </logger>

        <!--Monitor system information-->
        <!--If additivity is set to false, the child Logger will only output in its own appender, but not in the appender of the parent Logger.-->
        <Logger name="org.springframework" level="info" additivity="false">
            <AppenderRef ref="Console"/>
        </Logger>

        <root level="info">
            <appender-ref ref="Console"/>
            <appender-ref ref="File"/>
            <appender-ref ref="RollingFileInfo"/>
            <appender-ref ref="RollingFileWarn"/>
            <appender-ref ref="RollingFileError"/>
        </root>
    </loggers>

</configuration>