<?xml version="1.0" encoding="UTF-8" ?>
<!DOCTYPE configuration
        PUBLIC "-//mybatis.org//DTD Config 3.0//EN"
        "http://mybatis.org/dtd/mybatis-3-config.dtd">
<configuration>
    <settings>
        <setting name="jdbcTypeForNull" value="NULL" />
        <setting name="defaultFetchSize" value="5000" />
        <setting name="logImpl" value="log4j2" />
        <setting name="defaultExecutorType" value="REUSE"/>
    </settings>

    <plugins>
        <plugin interceptor="com.em.clinicapi.common.db.interceptors.QueryInterceptor">
        </plugin>
        <plugin interceptor="com.em.clinicapi.common.db.interceptors.UpdateInterceptor">
        </plugin>
    </plugins>
</configuration>
